Antal H lag: 1|Nueroner pr lag 50,,,,,,,,,,,,,,,
Cycles,Accuracy Testing, Accuracy Training,Err,Time,,,,,,,Lag 1,Lag 2,Lag 3,Lag 4,Lag 5
0,3.968253968,4.986063797,12.794345,0.249,,,,,,,47.61904762,55.35714286,45.83333333,58.23412698,25.49603175
1000,5.952380952,12.31031279,10.51041309,0.643,,,,,,,,,,,
2000,9.722222222,22.35986373,9.375180445,1.035,,,,,,,,,,,
3000,12.40079365,31.0467637,8.745999204,1.43,,,,,,,,,,,
4000,14.58333333,39.5633323,8.454477273,1.822,,,,,,,,,,,
5000,16.66666667,47.56890678,8.248486873,2.216,,,,,,,,,,,
6000,18.75,53.09693404,8.075261935,2.61,,,,,,,,,,,
7000,19.24603175,57.04552493,7.884506103,3.003,,,,,,,,,,,
8000,21.32936508,60.06503561,7.74708412,3.411,,,,,,,,,,,
9000,22.81746032,63.27036234,7.627632439,3.803,,,,,,,,,,,
10000,23.41269841,65.4227315,7.472977165,4.196,,,,,,,,,,,
11000,24.00793651,66.83183648,7.340161196,4.588,,,,,,,,,,,
12000,24.4047619,68.51966553,7.240612701,4.982,,,,,,,,,,,
13000,24.70238095,69.65004645,7.1434887,5.374,,,,,,,,,,,
14000,25,70.88882007,7.080482399,5.768,,,,,,,,,,,
15000,25.79365079,71.72499226,6.974159909,6.162,,,,,,,,,,,
16000,26.09126984,72.49922577,6.862209377,6.555,,,,,,,,,,,
17000,26.19047619,73.35088263,6.814484222,6.947,,,,,,,,,,,
18000,26.48809524,74.2489935,6.696505973,7.338,,,,,,,,,,,
19000,26.58730159,74.68256426,6.605569984,7.731,,,,,,,,,,,
20000,26.78571429,75.39485909,6.56142937,8.129,,,,,,,,,,,
21000,27.08333333,75.98327656,6.433372739,8.521,,,,,,,,,,,
22000,27.18253968,76.37039331,6.353051367,8.916,,,,,,,,,,,
23000,27.48015873,76.92784144,6.268336576,9.308,,,,,,,,,,,
24000,27.28174603,77.2065655,6.200775494,9.702,,,,,,,,,,,
25000,27.48015873,77.65562094,6.115952965,10.098,,,,,,,,,,,
26000,27.77777778,78.15113038,5.992541755,10.49,,,,,,,,,,,
27000,28.07539683,78.44533911,5.913582178,10.883,,,,,,,,,,,
28000,28.17460317,78.87890988,5.860611302,11.276,,,,,,,,,,,
29000,28.27380952,79.20408795,5.782359103,11.669,,,,,,,,,,,
30000,28.37301587,79.46732735,5.730678296,12.062,,,,,,,,,,,
31000,28.27380952,79.57572004,5.643092392,12.457,,,,,,,,,,,
32000,28.47222222,79.96283679,5.586728693,12.849,,,,,,,,,,,
33000,28.47222222,80.08671415,5.520715302,13.242,,,,,,,,,,,
34000,28.67063492,80.53576959,5.471235343,13.642,,,,,,,,,,,
35000,28.67063492,80.62867761,5.372433623,14.035,,,,,,,,,,,
36000,29.26587302,80.84546299,5.302525464,14.428,,,,,,,,,,,
37000,29.16666667,81.09321771,5.252520437,14.821,,,,,,,,,,,
38000,29.66269841,81.35645711,5.175713141,15.214,,,,,,,,,,,
39000,30.15873016,81.58872716,5.114378403,15.604,,,,,,,,,,,
40000,30.05952381,81.75905853,5.023329396,16,,,,,,,,,,,
41000,30.45634921,81.89842056,4.950684861,16.396,,,,,,,,,,,
42000,30.75396825,81.85196655,4.881979107,16.789,,,,,,,,,,,
43000,30.6547619,81.9293899,4.839619636,17.183,,,,,,,,,,,
44000,30.95238095,82.09972128,4.786720151,17.575,,,,,,,,,,,
45000,31.0515873,82.30102199,4.737183012,17.967,,,,,,,,,,,
46000,31.4484127,82.37844534,4.651245823,18.361,,,,,,,,,,,
47000,31.74603175,82.51780737,4.621414978,18.753,,,,,,,,,,,
48000,32.24206349,82.64168473,4.565813912,19.145,,,,,,,,,,,
49000,32.34126984,82.75007742,4.503746446,19.537,,,,,,,,,,,
50000,32.63888889,82.84298544,4.457663449,19.929,,,,,,,,,,,
51000,32.83730159,82.88943945,4.391105943,20.321,,,,,,,,,,,
52000,33.73015873,83.01331682,4.346610379,20.714,,,,,,,,,,,
53000,34.12698413,83.16816352,4.292572208,21.109,,,,,,,,,,,
54000,33.92857143,83.16816352,4.260396993,21.506,,,,,,,,,,,
55000,33.92857143,83.2301022,4.222164481,21.899,,,,,,,,,,,
56000,34.22619048,83.2301022,4.146767575,22.298,,,,,,,,,,,
57000,34.62301587,83.3849489,4.110200074,22.69,,,,,,,,,,,
58000,35.21825397,83.50882626,4.064995599,23.083,,,,,,,,,,,
59000,35.31746032,83.64818829,4.044123991,23.475,,,,,,,,,,,
60000,35.61507937,83.74109631,4.006581319,23.867,,,,,,,,,,,
61000,35.91269841,83.83400434,3.970551029,24.261,,,,,,,,,,,
62000,36.21031746,83.9578817,3.932337402,24.655,,,,,,,,,,,
63000,36.30952381,84.19015175,3.913047472,25.047,,,,,,,,,,,
64000,37.00396825,84.32951378,3.879314303,25.439,,,,,,,,,,,
65000,37.1031746,84.39145246,3.844170234,25.832,,,,,,,,,,,
66000,37.59920635,84.59275317,3.817226425,26.224,,,,,,,,,,,
67000,37.6984127,84.60823784,3.777945837,26.616,,,,,,,,,,,
68000,38.29365079,84.74759988,3.723619523,27.008,,,,,,,,,,,
69000,38.69047619,84.82502323,3.671559142,27.401,,,,,,,,,,,
70000,38.49206349,84.91793125,3.650410658,27.797,,,,,,,,,,,
71000,38.49206349,84.93341592,3.620480972,28.19,,,,,,,,,,,
72000,39.18650794,84.97986993,3.592244535,28.581,,,,,,,,,,,
73000,39.68253968,85.11923196,3.561116587,28.973,,,,,,,,,,,
74000,39.88095238,85.24310932,3.533051835,29.365,,,,,,,,,,,
75000,40.07936508,85.22762465,3.514749652,29.757,,,,,,,,,,,
76000,40.17857143,85.305048,3.48504267,30.151,,,,,,,,,,,
77000,40.87301587,85.41344069,3.446664716,30.543,,,,,,,,,,,
78000,41.17063492,85.4598947,3.423056349,30.939,,,,,,,,,,,
79000,41.46825397,85.52183338,3.397623555,31.33,,,,,,,,,,,
80000,41.66666667,85.5682874,3.360634207,31.723,,,,,,,,,,,
81000,41.96428571,85.50634871,3.315669951,32.115,,,,,,,,,,,
82000,42.46031746,85.7231341,3.29505395,32.51,,,,,,,,,,,
83000,42.65873016,85.86249613,3.26728083,32.903,,,,,,,,,,,
84000,42.95634921,85.93991948,3.242558031,33.295,,,,,,,,,,,
85000,43.3531746,86.00185816,3.220642135,33.687,,,,,,,,,,,
86000,43.9484127,86.15670486,3.196511673,34.079,,,,,,,,,,,
87000,44.04761905,86.24961288,3.179431712,34.472,,,,,,,,,,,
88000,44.44444444,86.29606689,3.162342643,34.865,,,,,,,,,,,
89000,44.54365079,86.38897491,3.127311182,35.256,,,,,,,,,,,
90000,44.64285714,86.41994426,3.10810676,35.649,,,,,,,,,,,
91000,45.43650794,86.57479096,3.102237817,36.04,,,,,,,,,,,
92000,45.33730159,86.52833695,3.078794545,36.431,,,,,,,,,,,
93000,45.53571429,86.66769898,3.077874155,36.825,,,,,,,,,,,
94000,45.63492063,86.760607,3.055094122,37.217,,,,,,,,,,,
95000,46.32936508,86.83803035,3.017651564,37.609,,,,,,,,,,,
96000,46.32936508,86.82254568,3.005848895,38.002,,,,,,,,,,,
97000,46.82539683,86.89996903,2.965993555,38.395,,,,,,,,,,,
98000,47.51984127,86.97739238,2.936163372,38.792,,,,,,,,,,,
99000,47.61904762,87.0703004,2.907818461,39.185,,,,,,,,,,,
,,,,,,,,,,,,,,,
Antal H lag: 2|Nueroner pr lag 50,,,,,,,,,,,,,,,
Cycles,Accuracy Testing, Accuracy Training,Err,Time,,,,,,,,,,,
0,2.876984127,3.081449365,14.92208389,0.268,,,,,,,,,,,
1000,5.753968254,13.17745432,9.794521471,0.707,,,,,,,,,,,
2000,8.73015873,30.56673893,9.077104034,1.143,,,,,,,,,,,
3000,11.9047619,40.81759059,8.616508173,1.58,,,,,,,,,,,
4000,14.68253968,49.17931248,8.262040528,2.016,,,,,,,,,,,
5000,16.56746032,55.54351192,7.874503241,2.452,,,,,,,,,,,
6000,19.04761905,59.7088882,7.674630506,2.887,,,,,,,,,,,
7000,20.03968254,63.64199443,7.510519708,3.323,,,,,,,,,,,
8000,20.93253968,66.56859709,7.350631466,3.76,,,,,,,,,,,
9000,21.42857143,68.30288015,7.183145418,4.199,,,,,,,,,,,
10000,22.22222222,69.7274698,7.034282272,4.639,,,,,,,,,,,
11000,22.71825397,71.0281821,6.885533857,5.076,,,,,,,,,,,
12000,23.31349206,72.03468566,6.71312918,5.515,,,,,,,,,,,
13000,23.90873016,73.16506658,6.526115961,5.951,,,,,,,,,,,
14000,24.30555556,73.86187674,6.374342594,6.388,,,,,,,,,,,
15000,24.6031746,74.63611025,6.274170005,6.829,,,,,,,,,,,
16000,25.29761905,75.30195107,6.111307062,7.266,,,,,,,,,,,
17000,25.3968254,75.62712914,6.020418812,7.703,,,,,,,,,,,
18000,25.79365079,76.50975534,5.901471381,8.14,,,,,,,,,,,
19000,26.09126984,77.08268814,5.829598729,8.603,,,,,,,,,,,
20000,26.68650794,77.5162589,5.715861498,9.067,,,,,,,,,,,
21000,27.08333333,77.7794983,5.603686004,9.526,,,,,,,,,,,
22000,27.48015873,78.3988851,5.554945291,9.989,,,,,,,,,,,
23000,27.77777778,78.52276247,5.450393254,10.431,,,,,,,,,,,
24000,27.97619048,78.89439455,5.386283122,10.873,,,,,,,,,,,
25000,28.47222222,79.26602663,5.295453791,11.313,,,,,,,,,,,
26000,28.76984127,79.51378136,5.234084445,11.762,,,,,,,,,,,
27000,29.36507937,79.86992877,5.155435318,12.203,,,,,,,,,,,
28000,29.36507937,80.02477547,5.058750629,12.642,,,,,,,,,,,
29000,29.16666667,80.17962217,5.003583257,13.094,,,,,,,,,,,
30000,29.66269841,80.53576959,4.910371365,13.534,,,,,,,,,,,
31000,29.86111111,80.55125426,4.813597325,13.975,,,,,,,,,,,
32000,30.05952381,80.78352431,4.766684144,14.416,,,,,,,,,,,
33000,30.8531746,81.18612574,4.685673633,14.856,,,,,,,,,,,
34000,31.0515873,81.49581914,4.603141903,15.297,,,,,,,,,,,
35000,31.34920635,81.60421183,4.537787956,15.738,,,,,,,,,,,
36000,31.74603175,81.74357386,4.502461709,16.177,,,,,,,,,,,
37000,31.94444444,82.02229793,4.427765434,16.622,,,,,,,,,,,
38000,32.34126984,82.33199133,4.385100083,17.065,,,,,,,,,,,
39000,32.73809524,82.30102199,4.321942354,17.51,,,,,,,,,,,
40000,32.73809524,82.39393001,4.267469358,17.95,,,,,,,,,,,
41000,32.73809524,82.40941468,4.209431305,18.39,,,,,,,,,,,
42000,33.03571429,82.68813874,4.151418888,18.841,,,,,,,,,,,
43000,33.43253968,82.84298544,4.108094998,19.286,,,,,,,,,,,
44000,33.43253968,82.99783215,4.070441382,19.724,,,,,,,,,,,
45000,33.63095238,83.15267885,4.02164158,20.171,,,,,,,,,,,
46000,34.52380952,83.32301022,3.978714442,20.616,,,,,,,,,,,
47000,35.21825397,83.61721895,3.920759736,21.055,,,,,,,,,,,
48000,35.41666667,83.67915763,3.851304796,21.498,,,,,,,,,,,
49000,36.21031746,83.89594302,3.826715284,21.941,,,,,,,,,,,
50000,36.80555556,84.15918241,3.778219476,22.383,,,,,,,,,,,
51000,37.6984127,84.32951378,3.727929658,22.825,,,,,,,,,,,
52000,38.0952381,84.31402911,3.655856744,23.272,,,,,,,,,,,
53000,38.29365079,84.49984515,3.626514727,23.715,,,,,,,,,,,
54000,38.59126984,84.63920718,3.570622757,24.155,,,,,,,,,,,
55000,39.28571429,84.6856612,3.539014102,24.596,,,,,,,,,,,
56000,39.28571429,84.71663054,3.522631084,25.044,,,,,,,,,,,
57000,39.48412698,84.8405079,3.473389056,25.482,,,,,,,,,,,
58000,40.07936508,85.05729328,3.447545881,25.934,,,,,,,,,,,
59000,40.77380952,85.25859399,3.415611355,26.378,,,,,,,,,,,
60000,40.87301587,85.27407866,3.381632583,26.818,,,,,,,,,,,
61000,41.96428571,85.41344069,3.334738505,27.259,,,,,,,,,,,
62000,42.85714286,85.64571075,3.292204394,27.724,,,,,,,,,,,
63000,42.85714286,85.7231341,3.267221114,28.171,,,,,,,,,,,
64000,43.05555556,85.73861877,3.227172179,28.614,,,,,,,,,,,
65000,43.84920635,85.83152679,3.199477228,29.06,,,,,,,,,,,
66000,44.24603175,85.98637349,3.165710272,29.501,,,,,,,,,,,
67000,44.74206349,86.26509755,3.150084928,29.949,,,,,,,,,,,
68000,44.94047619,86.24961288,3.123744449,30.39,,,,,,,,,,,
69000,46.13095238,86.41994426,3.067022764,30.833,,,,,,,,,,,
70000,46.23015873,86.43542893,3.054666381,31.275,,,,,,,,,,,
71000,46.52777778,86.54382162,3.031013513,31.716,,,,,,,,,,,
72000,46.62698413,86.52833695,3.000064469,32.161,,,,,,,,,,,
73000,46.72619048,86.62124497,2.979878862,32.612,,,,,,,,,,,
74000,46.92460317,86.760607,2.947463714,33.053,,,,,,,,,,,
75000,47.32142857,86.85351502,2.913886694,33.498,,,,,,,,,,,
76000,47.61904762,86.94642304,2.87882356,33.941,,,,,,,,,,,
77000,48.11507937,87.02384639,2.874698678,34.382,,,,,,,,,,,
78000,48.31349206,87.16320842,2.867927121,34.82,,,,,,,,,,,
79000,48.21428571,87.17869309,2.838097046,35.265,,,,,,,,,,,
80000,48.80952381,87.24063177,2.812875813,35.708,,,,,,,,,,,
81000,50.1984127,87.4883865,2.775408946,36.148,,,,,,,,,,,
82000,51.09126984,87.67420254,2.740872893,36.595,,,,,,,,,,,
83000,50.99206349,87.65871787,2.722362599,37.037,,,,,,,,,,,
84000,52.38095238,87.84453391,2.689491182,37.477,,,,,,,,,,,
85000,52.18253968,87.96841127,2.670543617,37.929,,,,,,,,,,,
86000,52.38095238,87.96841127,2.658348517,38.371,,,,,,,,,,,
87000,52.67857143,88.03034995,2.641872238,38.812,,,,,,,,,,,
88000,53.47222222,88.04583462,2.602585969,39.26,,,,,,,,,,,
89000,54.16666667,88.216166,2.565782548,39.701,,,,,,,,,,,
90000,54.16666667,88.15422731,2.54007772,40.142,,,,,,,,,,,
91000,54.06746032,88.18519666,2.518415335,40.584,,,,,,,,,,,
92000,54.06746032,88.27810468,2.533477292,41.029,,,,,,,,,,,
93000,54.16666667,88.29358935,2.519698715,41.47,,,,,,,,,,,
94000,54.26587302,88.3710127,2.502498041,41.924,,,,,,,,,,,
95000,54.36507937,88.35552803,2.49330041,42.363,,,,,,,,,,,
96000,54.76190476,88.44843605,2.486585261,42.807,,,,,,,,,,,
97000,54.86111111,88.46392072,2.47319481,43.248,,,,,,,,,,,
98000,55.25793651,88.63425209,2.470246617,43.688,,,,,,,,,,,
99000,55.35714286,88.6807061,2.455614779,44.141,,,,,,,,,,,
,,,,,,,,,,,,,,,
Antal H lag: 3|Nueroner pr lag 50,,,,,,,,,,,,,,,
Cycles,Accuracy Testing, Accuracy Training,Err,Time,,,,,,,,,,,
0,3.174603175,1.161350263,14.23356138,0.284,,,,,,,,,,,
1000,7.142857143,16.36729638,9.44498542,0.764,,,,,,,,,,,
2000,9.920634921,24.93031898,8.21848787,1.243,,,,,,,,,,,
3000,15.67460317,38.16971199,7.495285283,1.723,,,,,,,,,,,
4000,17.65873016,47.24372871,7.02634723,2.203,,,,,,,,,,,
5000,18.1547619,52.6478786,6.727933777,2.687,,,,,,,,,,,
6000,20.33730159,56.67389285,6.586544878,3.177,,,,,,,,,,,
7000,21.72619048,60.21988232,6.43143601,3.659,,,,,,,,,,,
8000,22.61904762,63.0845463,6.286525685,4.137,,,,,,,,,,,
9000,23.01587302,64.91173738,6.172639509,4.613,,,,,,,,,,,
10000,24.00793651,66.67698978,6.034877135,5.099,,,,,,,,,,,
11000,25.3968254,68.10157944,5.900981655,5.586,,,,,,,,,,,
12000,25.69444444,69.07711366,5.727066219,6.068,,,,,,,,,,,
13000,26.09126984,70.37782595,5.686157956,6.547,,,,,,,,,,,
14000,26.28968254,71.32239083,5.566232604,7.024,,,,,,,,,,,
15000,26.68650794,72.71601115,5.449268794,7.502,,,,,,,,,,,
16000,27.57936508,73.62960669,5.375054791,7.99,,,,,,,,,,,
17000,28.27380952,73.9857541,5.316254189,8.47,,,,,,,,,,,
18000,27.57936508,74.89934964,5.215912994,8.95,,,,,,,,,,,
19000,28.57142857,75.51873645,5.163975913,9.433,,,,,,,,,,,
20000,28.27380952,75.84391452,5.122107847,9.914,,,,,,,,,,,
21000,28.27380952,76.21554661,5.04992507,10.394,,,,,,,,,,,
22000,28.47222222,76.61814803,5.037391515,10.871,,,,,,,,,,,
23000,28.67063492,77.28398885,4.923940446,11.358,,,,,,,,,,,
24000,29.06746032,77.50077423,4.839824315,11.84,,,,,,,,,,,
25000,29.46428571,78.01176835,4.799785716,12.32,,,,,,,,,,,
26000,29.46428571,78.16661505,4.759948681,12.799,,,,,,,,,,,
27000,29.56349206,78.58470115,4.719749941,13.278,,,,,,,,,,,
28000,29.46428571,78.47630845,4.639746971,13.755,,,,,,,,,,,
29000,30.45634921,79.1266646,4.575609701,14.242,,,,,,,,,,,
30000,31.0515873,79.49829669,4.487018529,14.723,,,,,,,,,,,
31000,31.25,79.51378136,4.45555696,15.205,,,,,,,,,,,
32000,30.8531746,79.74605141,4.441058589,15.69,,,,,,,,,,,
33000,30.8531746,79.79250542,4.403615207,16.17,,,,,,,,,,,
34000,31.34920635,80.25704552,4.409872891,16.656,,,,,,,,,,,
35000,31.34920635,80.5822236,4.395230733,17.137,,,,,,,,,,,
36000,31.74603175,80.82997832,4.338785433,17.615,,,,,,,,,,,
37000,31.8452381,80.70610096,4.250589037,18.093,,,,,,,,,,,
38000,32.63888889,81.0467637,4.173509111,18.572,,,,,,,,,,,
39000,32.73809524,81.24806442,4.136356032,19.05,,,,,,,,,,,
40000,33.03571429,81.57324249,4.094141253,19.528,,,,,,,,,,,
41000,32.93650794,81.49581914,4.078042692,20.006,,,,,,,,,,,
42000,33.23412698,81.82099721,4.031714729,20.487,,,,,,,,,,,
43000,33.33333333,81.91390523,4.007953398,20.97,,,,,,,,,,,
44000,33.92857143,82.20811397,4.01669863,21.455,,,,,,,,,,,
45000,34.72222222,82.37844534,3.954941456,21.939,,,,,,,,,,,
46000,34.62301587,82.39393001,3.919912144,22.42,,,,,,,,,,,
47000,34.82142857,82.78104676,3.90004884,22.901,,,,,,,,,,,
48000,35.01984127,82.90492413,3.85102532,23.381,,,,,,,,,,,
49000,35.61507937,82.93589347,3.834813987,23.857,,,,,,,,,,,
50000,35.61507937,83.10622484,3.806754417,24.342,,,,,,,,,,,
51000,35.61507937,83.18364819,3.751404471,24.822,,,,,,,,,,,
52000,36.11111111,83.27655621,3.721037113,25.305,,,,,,,,,,,
53000,36.60714286,83.52431093,3.694379274,25.784,,,,,,,,,,,
54000,36.50793651,83.63270362,3.640045639,26.266,,,,,,,,,,,
55000,36.60714286,83.64818829,3.634416103,26.742,,,,,,,,,,,
56000,36.9047619,83.83400434,3.612909715,27.223,,,,,,,,,,,
57000,37.5,83.94239703,3.549010482,27.708,,,,,,,,,,,
58000,37.6984127,84.06627439,3.515115914,28.192,,,,,,,,,,,
59000,37.59920635,84.09724373,3.510025907,28.672,,,,,,,,,,,
60000,37.6984127,84.31402911,3.52104267,29.152,,,,,,,,,,,
61000,38.49206349,84.48436048,3.463444674,29.632,,,,,,,,,,,
62000,38.0952381,84.53081449,3.446974896,30.112,,,,,,,,,,,
63000,38.19444444,84.59275317,3.42708774,30.599,,,,,,,,,,,
64000,38.59126984,84.60823784,3.394592058,31.081,,,,,,,,,,,
65000,38.88888889,84.67017653,3.355063455,31.573,,,,,,,,,,,
66000,39.18650794,84.73211521,3.296019653,32.058,,,,,,,,,,,
67000,39.28571429,84.94890059,3.282115794,32.537,,,,,,,,,,,
68000,38.88888889,84.88696191,3.236254848,33.017,,,,,,,,,,,
69000,39.48412698,84.94890059,3.203335199,33.497,,,,,,,,,,,
70000,39.68253968,85.01083927,3.187878589,33.982,,,,,,,,,,,
71000,39.98015873,85.04180861,3.153147832,34.464,,,,,,,,,,,
72000,39.98015873,85.10374729,3.13605119,34.945,,,,,,,,,,,
73000,40.37698413,85.25859399,3.113268584,35.427,,,,,,,,,,,
74000,40.57539683,85.42892536,3.140971899,35.904,,,,,,,,,,,
75000,40.77380952,85.33601734,3.074771238,36.386,,,,,,,,,,,
76000,40.97222222,85.33601734,3.057836437,36.867,,,,,,,,,,,
77000,41.46825397,85.42892536,3.064728288,37.346,,,,,,,,,,,
78000,41.76587302,85.66119542,3.028046911,37.83,,,,,,,,,,,
79000,41.76587302,85.7231341,2.994983541,38.309,,,,,,,,,,,
80000,41.56746032,85.63022608,2.979648329,38.786,,,,,,,,,,,
81000,41.66666667,85.61474141,2.955699884,39.267,,,,,,,,,,,
82000,42.36111111,85.95540415,2.968494634,39.752,,,,,,,,,,,
83000,43.1547619,86.00185816,2.931790238,40.234,,,,,,,,,,,
84000,43.3531746,86.17218953,2.896231546,40.718,,,,,,,,,,,
85000,43.05555556,86.12573552,2.879492799,41.197,,,,,,,,,,,
86000,43.3531746,86.24961288,2.85474742,41.678,,,,,,,,,,,
87000,43.45238095,86.20315887,2.821452851,42.156,,,,,,,,,,,
88000,43.45238095,86.1876742,2.825143972,42.637,,,,,,,,,,,
89000,43.75,86.35800557,2.799824595,43.117,,,,,,,,,,,
90000,43.65079365,86.35800557,2.799659574,43.597,,,,,,,,,,,
91000,44.3452381,86.52833695,2.739209005,44.079,,,,,,,,,,,
92000,44.74206349,86.6057603,2.752244968,44.559,,,,,,,,,,,
93000,45.03968254,86.69866832,2.761447111,45.036,,,,,,,,,,,
94000,44.94047619,86.72963766,2.763465538,45.515,,,,,,,,,,,
95000,45.03968254,86.68318365,2.746095164,45.997,,,,,,,,,,,
96000,45.43650794,86.80706101,2.735198952,46.477,,,,,,,,,,,
97000,45.83333333,86.93093837,2.718482691,46.963,,,,,,,,,,,
98000,45.83333333,86.94642304,2.719110827,47.442,,,,,,,,,,,
99000,45.83333333,86.99287705,2.70846542,47.933,,,,,,,,,,,
,,,,,,,,,,,,,,,
Antal H lag: 4|Nueroner pr lag 50,,,,,,,,,,,,,,,
Cycles,Accuracy Testing, Accuracy Training,Err,Time,,,,,,,,,,,
0,2.777777778,3.453081449,16.34569911,0.305,,,,,,,,,,,
1000,10.01984127,31.18612574,9.38571703,0.825,,,,,,,,,,,
2000,15.67460317,47.25921338,8.434469325,1.346,,,,,,,,,,,
3000,18.45238095,55.41963456,7.826478938,1.871,,,,,,,,,,,
4000,20.23809524,61.38123258,7.362823253,2.396,,,,,,,,,,,
5000,22.22222222,65.20594611,6.928997923,2.919,,,,,,,,,,,
6000,23.61111111,68.33384949,6.699477732,3.439,,,,,,,,,,,
7000,24.90079365,70.42427996,6.389891704,3.976,,,,,,,,,,,
8000,25.99206349,71.95726231,6.32610256,4.499,,,,,,,,,,,
9000,26.38888889,73.50572933,6.049785365,5.022,,,,,,,,,,,
10000,26.48809524,74.18705482,5.866480196,5.545,,,,,,,,,,,
11000,27.38095238,74.99225766,5.661607704,6.075,,,,,,,,,,,
12000,27.87698413,76.12263859,5.452938872,6.607,,,,,,,,,,,
13000,28.27380952,76.98978012,5.267487556,7.132,,,,,,,,,,,
14000,28.07539683,77.53174357,5.119672015,7.653,,,,,,,,,,,
15000,28.17460317,78.22855373,5.008599854,8.182,,,,,,,,,,,
16000,29.06746032,78.89439455,4.863039797,8.71,,,,,,,,,,,
17000,29.76190476,79.32796531,4.695180141,9.237,,,,,,,,,,,
18000,29.86111111,79.76153608,4.5738437,9.771,,,,,,,,,,,
19000,30.8531746,80.10219882,4.472776988,10.349,,,,,,,,,,,
20000,31.74603175,80.48931558,4.312442837,10.89,,,,,,,,,,,
21000,33.13492063,80.87643233,4.158252414,11.424,,,,,,,,,,,
22000,33.53174603,81.24806442,4.046304417,11.954,,,,,,,,,,,
23000,34.12698413,81.71260452,3.977226931,12.491,,,,,,,,,,,
24000,34.92063492,82.06875194,3.887062266,13.024,,,,,,,,,,,
25000,34.82142857,82.1926293,3.818189435,13.56,,,,,,,,,,,
26000,36.40873016,82.28553732,3.680529995,14.097,,,,,,,,,,,
27000,36.70634921,82.75007742,3.673366883,14.641,,,,,,,,,,,
28000,37.6984127,83.10622484,3.56164,15.176,,,,,,,,,,,
29000,38.49206349,83.66367296,3.486468493,15.701,,,,,,,,,,,
30000,39.08730159,83.71012697,3.434896552,16.236,,,,,,,,,,,
31000,39.18650794,84.00433571,3.379877932,16.77,,,,,,,,,,,
32000,39.88095238,84.25209043,3.382410558,17.299,,,,,,,,,,,
33000,40.37698413,84.53081449,3.354369199,17.832,,,,,,,,,,,
34000,41.26984127,84.49984515,3.271444643,18.363,,,,,,,,,,,
35000,40.87301587,84.53081449,3.268805485,18.892,,,,,,,,,,,
36000,41.07142857,84.6856612,3.241896595,19.425,,,,,,,,,,,
37000,41.17063492,84.71663054,3.241643565,19.957,,,,,,,,,,,
38000,42.36111111,85.10374729,3.181626068,20.492,,,,,,,,,,,
39000,43.9484127,85.1502013,3.071284129,21.026,,,,,,,,,,,
40000,42.85714286,85.19665531,3.0317132,21.556,,,,,,,,,,,
41000,43.45238095,85.32053267,2.997359187,22.085,,,,,,,,,,,
42000,44.64285714,85.33601734,2.942277268,22.632,,,,,,,,,,,
43000,45.73412698,85.67668009,2.881412173,23.161,,,,,,,,,,,
44000,46.42857143,85.83152679,2.81989538,23.694,,,,,,,,,,,
45000,46.32936508,85.98637349,2.80946092,24.236,,,,,,,,,,,
46000,45.93253968,86.07928151,2.820428207,24.772,,,,,,,,,,,
47000,46.92460317,86.1876742,2.749932279,25.305,,,,,,,,,,,
48000,47.32142857,86.35800557,2.754037917,25.84,,,,,,,,,,,
49000,47.51984127,86.41994426,2.726669775,26.384,,,,,,,,,,,
50000,48.31349206,86.46639827,2.679995443,26.916,,,,,,,,,,,
51000,48.11507937,86.46639827,2.663044471,27.45,,,,,,,,,,,
52000,48.01587302,86.4509136,2.656004289,27.987,,,,,,,,,,,
53000,49.10714286,86.66769898,2.620963757,28.532,,,,,,,,,,,
54000,49.20634921,86.55930629,2.620541241,29.081,,,,,,,,,,,
55000,50,86.86899969,2.57996631,29.621,,,,,,,,,,,
56000,50.79365079,87.10126974,2.537514662,30.153,,,,,,,,,,,
57000,50.5952381,86.99287705,2.532377845,30.677,,,,,,,,,,,
58000,51.28968254,87.03933106,2.468054173,31.198,,,,,,,,,,,
59000,50.5952381,87.17869309,2.505867167,31.725,,,,,,,,,,,
60000,50.29761905,87.2251471,2.51261135,32.253,,,,,,,,,,,
61000,50.99206349,87.31805513,2.477375378,32.776,,,,,,,,,,,
62000,51.19047619,87.42644782,2.479075391,33.297,,,,,,,,,,,
63000,51.58730159,87.47290183,2.422785196,33.821,,,,,,,,,,,
64000,52.87698413,87.78259523,2.421781667,34.343,,,,,,,,,,,
65000,52.08333333,87.6432332,2.450796344,34.864,,,,,,,,,,,
66000,52.87698413,87.53484051,2.422428119,35.389,,,,,,,,,,,
67000,53.67063492,87.67420254,2.397268955,35.91,,,,,,,,,,,
68000,52.97619048,87.73614122,2.440669643,36.434,,,,,,,,,,,
69000,54.16666667,87.73614122,2.389601286,36.955,,,,,,,,,,,
70000,55.05952381,87.98389594,2.335673638,37.479,,,,,,,,,,,
71000,54.96031746,87.98389594,2.315551362,37.999,,,,,,,,,,,
72000,55.75396825,88.07680396,2.256411289,38.523,,,,,,,,,,,
73000,55.6547619,88.06131929,2.269114613,39.047,,,,,,,,,,,
74000,56.6468254,88.1077733,2.258756564,39.569,,,,,,,,,,,
75000,57.04365079,88.26262001,2.234623317,40.09,,,,,,,,,,,
76000,57.24206349,88.216166,2.222624125,40.61,,,,,,,,,,,
77000,56.34920635,88.09228863,2.265762524,41.136,,,,,,,,,,,
78000,56.8452381,88.24713534,2.283821862,41.664,,,,,,,,,,,
79000,56.8452381,87.93744193,2.276903785,42.186,,,,,,,,,,,
80000,57.14285714,88.24713534,2.301779143,42.707,,,,,,,,,,,
81000,58.43253968,88.38649737,2.261612194,43.229,,,,,,,,,,,
82000,57.83730159,88.40198204,2.236497344,43.753,,,,,,,,,,,
83000,58.63095238,88.29358935,2.213252642,44.277,,,,,,,,,,,
84000,58.13492063,88.216166,2.199939734,44.799,,,,,,,,,,,
85000,58.13492063,88.15422731,2.246133704,45.322,,,,,,,,,,,
86000,56.54761905,87.84453391,2.266827121,45.849,,,,,,,,,,,
87000,57.34126984,87.99938061,2.236034558,46.375,,,,,,,,,,,
88000,58.03571429,88.1077733,2.234121346,46.898,,,,,,,,,,,
89000,58.23412698,87.99938061,2.220874442,47.426,,,,,,,,,,,
90000,57.73809524,88.06131929,2.244105384,47.949,,,,,,,,,,,
91000,58.13492063,88.03034995,2.268886205,48.473,,,,,,,,,,,
92000,57.93650794,88.1077733,2.251377079,48.994,,,,,,,,,,,
93000,58.73015873,87.99938061,2.237856646,49.524,,,,,,,,,,,
94000,58.13492063,88.12325797,2.242775221,50.047,,,,,,,,,,,
95000,57.93650794,87.99938061,2.221436212,50.572,,,,,,,,,,,
96000,57.04365079,87.99938061,2.231927407,51.094,,,,,,,,,,,
97000,57.04365079,88.03034995,2.24211012,51.618,,,,,,,,,,,
98000,57.93650794,88.07680396,2.20382292,52.142,,,,,,,,,,,
99000,58.23412698,88.16971199,2.190520416,52.664,,,,,,,,,,,
,,,,,,,,,,,,,,,
Antal H lag: 5|Nueroner pr lag 50,,,,,,,,,,,,,,,
Cycles,Accuracy Testing, Accuracy Training,Err,Time,,,,,,,,,,,
0,3.571428571,0.603902137,16.30494616,0.324,,,,,,,,,,,
1000,6.746031746,16.08857231,7.476528616,0.892,,,,,,,,,,,
2000,12.1031746,31.74357386,6.713342039,1.465,,,,,,,,,,,
3000,15.47619048,41.96345618,6.367691203,2.041,,,,,,,,,,,
4000,18.5515873,48.62186435,6.220860502,2.606,,,,,,,,,,,
5000,19.64285714,53.82471353,6.058466872,3.173,,,,,,,,,,,
6000,20.13888889,57.49458037,5.991649848,3.739,,,,,,,,,,,
7000,21.32936508,60.82378445,5.960241469,4.306,,,,,,,,,,,
8000,21.72619048,62.75936823,5.889225844,4.87,,,,,,,,,,,
9000,22.71825397,64.97367606,5.849559408,5.48,,,,,,,,,,,
10000,22.91666667,66.44471973,5.828060692,6.056,,,,,,,,,,,
11000,21.92460317,67.37379994,5.838382537,6.656,,,,,,,,,,,
12000,22.91666667,68.98420564,5.791748034,7.234,,,,,,,,,,,
13000,23.11507937,70.36234128,5.678677465,7.811,,,,,,,,,,,
14000,23.21428571,71.43078352,5.755191459,8.395,,,,,,,,,,,
15000,24.20634921,71.92629297,5.650280641,8.974,,,,,,,,,,,
16000,23.90873016,72.065655,5.771214411,9.549,,,,,,,,,,,
17000,24.00793651,71.66305358,5.883045423,10.124,,,,,,,,,,,
18000,24.4047619,71.94177764,5.640249924,10.699,,,,,,,,,,,
19000,23.90873016,72.065655,5.712579231,11.273,,,,,,,,,,,
20000,24.50396825,72.29792505,5.638205283,11.855,,,,,,,,,,,
21000,24.50396825,73.50572933,5.637534504,12.431,,,,,,,,,,,
22000,25.29761905,73.81542273,5.596661415,13.004,,,,,,,,,,,
23000,25.49603175,72.70052648,5.687776826,13.581,,,,,,,,,,,
24000,25.5952381,74.65159492,5.553168474,14.154,,,,,,,,,,,
25000,24.70238095,73.11861257,5.476696798,14.746,,,,,,,,,,,
26000,24.70238095,73.55218334,5.570772602,15.335,,,,,,,,,,,
27000,25.29761905,73.93930009,5.646853624,15.919,,,,,,,,,,,
28000,25.09920635,73.38185197,5.618330169,16.532,,,,,,,,,,,
29000,25.5952381,74.15608548,5.619318817,17.11,,,,,,,,,,,
30000,25.79365079,74.69804893,5.550161552,17.737,,,,,,,,,,,
31000,25.49603175,74.94580365,5.53244306,18.312,,,,,,,,,,,
32000,25.5952381,75.54970579,5.519993563,18.891,,,,,,,,,,,
33000,25,75.53422112,5.612291022,19.47,,,,,,,,,,,
34000,25.49603175,75.99876123,5.508498084,20.052,,,,,,,,,,,
35000,25.89285714,76.478786,5.346562607,20.617,,,,,,,,,,,
36000,26.09126984,76.57169402,5.412685668,21.184,,,,,,,,,,,
37000,25.5952381,76.60266336,5.348563138,21.748,,,,,,,,,,,
38000,26.19047619,77.00526479,5.417262714,22.326,,,,,,,,,,,
39000,25.79365079,76.68008671,5.478901255,22.891,,,,,,,,,,,
40000,26.28968254,77.46980489,5.34074257,23.452,,,,,,,,,,,
41000,26.28968254,76.8968721,5.283794841,24.028,,,,,,,,,,,
42000,25.69444444,77.46980489,5.267096635,24.589,,,,,,,,,,,
43000,26.78571429,77.50077423,5.141171084,25.154,,,,,,,,,,,
44000,26.58730159,77.934345,5.176875373,25.717,,,,,,,,,,,
45000,27.28174603,77.67110561,5.086455878,26.28,,,,,,,,,,,
46000,27.08333333,78.33694642,5.078974704,26.86,,,,,,,,,,,
47000,27.87698413,78.15113038,4.879913582,27.425,,,,,,,,,,,
48000,28.27380952,78.01176835,4.900741653,27.988,,,,,,,,,,,
49000,28.76984127,78.83245587,4.869185961,28.553,,,,,,,,,,,
50000,28.67063492,78.78600186,4.895759085,29.116,,,,,,,,,,,
51000,28.96825397,78.46082378,4.718388516,29.681,,,,,,,,,,,
52000,29.66269841,78.46082378,4.791481951,30.252,,,,,,,,,,,
53000,28.07539683,78.42985444,4.820451509,30.817,,,,,,,,,,,
54000,27.77777778,77.99628368,4.875185066,31.38,,,,,,,,,,,
55000,27.67857143,77.16011149,4.845739176,31.943,,,,,,,,,,,
56000,27.48015873,77.84143698,4.930435937,32.506,,,,,,,,,,,
57000,28.37301587,77.82595231,4.756665395,33.068,,,,,,,,,,,
58000,27.67857143,76.98978012,4.764097959,33.631,,,,,,,,,,,
59000,25.49603175,76.57169402,4.842946907,34.196,,,,,,,,,,,
60000,27.67857143,76.64911737,4.658024554,34.763,,,,,,,,,,,
61000,25.99206349,76.77299474,4.706422062,35.332,,,,,,,,,,,
62000,27.18253968,77.45432022,4.800802441,35.897,,,,,,,,,,,
63000,26.78571429,76.43233199,4.726111011,36.461,,,,,,,,,,,
64000,26.98412698,76.3239393,4.758638684,37.022,,,,,,,,,,,
65000,25.99206349,75.39485909,4.694073073,37.595,,,,,,,,,,,
66000,25.69444444,75.92133788,4.758186182,38.158,,,,,,,,,,,
67000,24.90079365,74.14060081,4.620917189,38.72,,,,,,,,,,,
68000,25.69444444,75.68906782,4.722704729,39.283,,,,,,,,,,,
69000,24.70238095,74.97677299,4.824103837,39.846,,,,,,,,,,,
70000,25.49603175,75.78197584,4.630731498,40.41,,,,,,,,,,,
71000,25.09920635,74.83741096,4.689769172,40.977,,,,,,,,,,,
72000,25.1984127,74.5586869,4.69750762,41.545,,,,,,,,,,,
73000,24.50396825,74.10963146,4.763904788,42.115,,,,,,,,,,,
74000,25.09920635,73.28894395,4.611837929,42.681,,,,,,,,,,,
75000,24.00793651,72.42180242,4.709752969,43.245,,,,,,,,,,,
76000,24.6031746,73.24248993,4.650649827,43.811,,,,,,,,,,,
77000,25.09920635,72.09662434,4.635011646,44.402,,,,,,,,,,,
78000,24.70238095,69.4177764,4.702466504,44.967,,,,,,,,,,,
79000,24.90079365,68.08609477,4.62000495,45.532,,,,,,,,,,,
80000,23.11507937,66.47568907,4.722869649,46.095,,,,,,,,,,,
81000,21.72619048,66.94022917,4.884375568,46.665,,,,,,,,,,,
82000,21.62698413,65.51563952,4.850941493,47.23,,,,,,,,,,,
83000,21.42857143,64.55558997,4.775101353,47.794,,,,,,,,,,,
84000,20.63492063,63.45617838,4.861491272,48.357,,,,,,,,,,,
85000,21.82539683,62.83679158,4.763644408,48.923,,,,,,,,,,,
86000,19.84126984,62.57355218,4.967043841,49.484,,,,,,,,,,,
87000,21.03174603,60.96314648,5.106025861,50.046,,,,,,,,,,,
88000,22.42063492,62.86776092,5.028777072,50.609,,,,,,,,,,,
89000,21.92460317,63.5490864,5.058736056,51.173,,,,,,,,,,,
90000,22.42063492,62.5116135,4.972512631,51.737,,,,,,,,,,,
91000,22.71825397,63.45617838,4.981323737,52.299,,,,,,,,,,,
92000,23.11507937,64.30783524,4.932303697,52.867,,,,,,,,,,,
93000,22.32142857,63.13100031,4.854047708,53.43,,,,,,,,,,,
94000,21.32936508,61.61350263,4.899758885,53.999,,,,,,,,,,,
95000,20.33730159,60.91669247,4.822159197,54.563,,,,,,,,,,,
96000,21.82539683,60.4366677,4.673998958,55.128,,,,,,,,,,,
97000,19.44444444,58.90368535,4.800723447,55.695,,,,,,,,,,,
98000,20.13888889,59.83276556,4.797070156,56.261,,,,,,,,,,,
99000,19.94047619,58.31526788,4.764990142,56.822,,,,,,,,,,,
