Lag 1. Batch:1. Learning rate: 0.001,,,,
Cycles,Accuracy Testing, Accuracy Training,Err,Time
0,1.884920635,1.269742954,13.32076638,0.173
1000,16.07142857,42.89253639,8.779790061,0.439
2000,23.80952381,67.8073707,8.226374328,0.704
3000,29.16666667,74.23350883,7.627427358,0.97
4000,31.0515873,77.23753484,7.184118702,1.236
5000,31.74603175,78.67760917,6.655602043,1.5
6000,33.43253968,80.36543822,6.351249411,1.765
7000,33.82936508,81.32548777,5.949247222,2.03
8000,34.92063492,82.37844534,5.65902328,2.297
9000,35.01984127,82.40941468,5.221128704,2.562
10000,36.11111111,82.98234748,4.932772658,2.828
11000,37.5,83.92691236,4.777238757,3.092
12000,38.49206349,84.43790647,4.581973393,3.358
13000,40.27777778,84.82502323,4.335622706,3.624
14000,40.67460317,85.10374729,4.123350804,3.892
15000,41.96428571,85.4598947,3.899148298,4.159
16000,43.1547619,85.81604212,3.617980463,4.453
17000,45.93253968,86.38897491,3.514084218,4.732
18000,48.11507937,86.82254568,3.364276969,5.015
19000,49.30555556,87.05481573,3.168098889,5.279
20000,49.90079365,87.0703004,3.018302742,5.546
21000,51.38888889,87.56580985,2.96395153,5.814
22000,51.68650794,87.81356457,2.842370056,6.081
23000,52.77777778,87.93744193,2.758378825,6.352
24000,53.57142857,88.03034995,2.65137956,6.622
25000,54.36507937,88.3710127,2.611255584,6.89
26000,55.95238095,88.69619077,2.531942558,7.159
27000,56.74603175,89.00588417,2.469888178,7.423
28000,58.23412698,89.30009291,2.363771352,7.691
29000,59.12698413,89.4084856,2.285332618,7.956
30000,60.31746032,89.68720966,2.222687399,8.223
31000,60.21825397,89.74914834,2.192070949,8.49
32000,60.61507937,89.99690307,2.184191615,8.762
33000,61.30952381,89.9814184,2.097015941,9.044
34000,62.8968254,90.12078043,2.018640784,9.316
35000,63.98809524,90.35305048,1.964239228,9.579
36000,63.98809524,90.49241251,1.972197324,9.845
37000,64.78174603,90.7556519,1.932330331,10.11
38000,65.57539683,90.97243729,1.892203885,10.375
39000,65.57539683,91.0188913,1.877385296,10.639
40000,66.66666667,91.14276866,1.831158941,10.904
41000,67.36111111,91.4834314,1.812520537,11.167
42000,68.45238095,91.56085475,1.77920655,11.432
43000,68.75,91.65376277,1.75479926,11.697
44000,69.3452381,91.82409415,1.746224912,11.963
45000,69.3452381,91.88603283,1.719725511,12.229
46000,70.23809524,91.91700217,1.677465645,12.5
47000,70.73412698,92.04087953,1.648053804,12.761
48000,70.83333333,92.08733354,1.627228542,13.029
49000,71.32936508,91.99442552,1.592395736,13.292
50000,71.82539683,92.10281821,1.559309709,13.557
51000,72.32142857,92.41251161,1.565547592,13.822
52000,72.71825397,92.47445029,1.557804604,14.09
53000,73.51190476,92.5209043,1.532366917,14.355
54000,73.51190476,92.629297,1.481006438,14.619
55000,73.11507937,92.66026634,1.482601886,14.882
56000,73.01587302,92.69123568,1.496758788,15.148
57000,73.31349206,92.72220502,1.480764046,15.412
58000,73.90873016,92.81511304,1.426739524,15.684
59000,74.00793651,92.75317436,1.435343835,15.948
60000,74.4047619,92.89253639,1.432124351,16.214
61000,74.8015873,93.01641375,1.438216086,16.478
62000,74.50396825,93.01641375,1.444123131,16.743
63000,74.8015873,93.06286776,1.420958305,17.007
64000,74.90079365,93.14029111,1.443838096,17.273
65000,75.3968254,93.20222979,1.409822829,17.538
66000,75.99206349,93.31062248,1.392660313,17.804
67000,75.49603175,93.29513781,1.385682783,18.068
68000,75.89285714,93.37256116,1.383149242,18.334
69000,75.29761905,93.31062248,1.378852678,18.598
70000,75.79365079,93.4035305,1.3778669,18.863
71000,76.28968254,93.43449985,1.366681583,19.128
72000,76.88492063,93.57386188,1.324800082,19.396
73000,77.08333333,93.5119232,1.316505547,19.661
74000,77.77777778,93.68225457,1.301633173,19.926
75000,77.48015873,93.74419325,1.291562647,20.19
76000,77.97619048,93.80613193,1.272422182,20.455
77000,77.77777778,93.79064726,1.286366639,20.722
78000,78.07539683,93.83710127,1.274300328,20.987
79000,78.47222222,93.93000929,1.263580396,21.252
80000,78.67063492,93.94549396,1.232796291,21.516
81000,78.67063492,93.91452462,1.240112556,21.78
82000,78.67063492,93.9764633,1.242753944,22.048
83000,78.76984127,93.99194797,1.218874331,22.312
84000,78.96825397,94.02291731,1.203307631,22.577
85000,79.06746032,94.06937132,1.205611948,22.842
86000,79.16666667,94.11582533,1.186796099,23.106
87000,79.36507937,94.19324868,1.188487412,23.371
88000,79.66269841,94.25518736,1.176049421,23.636
89000,79.56349206,94.27067203,1.185936066,23.901
90000,79.66269841,94.23970269,1.19865485,24.166
91000,79.76190476,94.27067203,1.188580048,24.432
92000,80.55555556,94.34809539,1.159242352,24.699
93000,80.15873016,94.2861567,1.157075987,24.966
94000,80.15873016,94.34809539,1.160834347,25.23
95000,80.25793651,94.34809539,1.163930254,25.494
96000,80.6547619,94.37906473,1.147387132,25.757
97000,80.55555556,94.36358006,1.142783169,26.022
98000,80.6547619,94.3945494,1.13235144,26.288
99000,80.75396825,94.42551874,1.131770165,26.556
100000,80.6547619,94.34809539,1.13309172,26.825
101000,80.95238095,94.51842676,1.135994367,27.09
102000,80.95238095,94.47197275,1.125331425,27.354
103000,81.4484127,94.53391143,1.10610653,27.621
104000,81.4484127,94.64230412,1.114207848,27.885
105000,81.4484127,94.65778879,1.107936015,28.152
106000,81.4484127,94.67327346,1.097517825,28.416
107000,81.4484127,94.7042428,1.099610013,28.682
108000,81.4484127,94.73521214,1.112487677,28.946
109000,81.6468254,94.76618148,1.101908075,29.211
110000,81.15079365,94.68875813,1.109721538,29.476
111000,81.34920635,94.79715082,1.090020196,29.741
112000,81.8452381,94.79715082,1.077856972,30.005
113000,81.54761905,94.76618148,1.082855632,30.272
114000,82.04365079,94.90554351,1.071411455,30.541
115000,81.94444444,94.84360483,1.05220902,30.812
116000,81.8452381,94.84360483,1.064124811,31.082
117000,81.6468254,94.8590895,1.072025712,31.353
118000,81.94444444,94.90554351,1.070969255,31.632
119000,82.04365079,94.92102818,1.064593094,31.899
120000,82.73809524,94.95199752,1.046012371,32.168
121000,82.83730159,94.95199752,1.046774572,32.439
122000,82.73809524,94.98296686,1.035378086,32.704
123000,82.53968254,94.95199752,1.039210322,32.973
124000,82.63888889,94.95199752,1.033918077,33.238
125000,82.73809524,95.04490554,1.017989461,33.504
126000,82.73809524,94.98296686,1.027124359,33.771
127000,82.63888889,95.04490554,1.01921803,34.039
128000,82.63888889,95.02942087,1.006258717,34.307
129000,82.73809524,95.02942087,1.003707547,34.572
130000,83.03571429,95.07587488,0.979716724,34.839
131000,83.33333333,95.1687829,0.982288829,35.104
132000,83.43253968,95.19975225,0.981627694,35.369
133000,83.43253968,95.24620626,0.985303464,35.639
134000,83.43253968,95.1687829,0.97597062,35.903
135000,83.63095238,95.23072159,0.973066758,36.171
136000,83.63095238,95.24620626,0.980967236,36.441
137000,83.82936508,95.26169093,0.97525959,36.706
138000,83.73015873,95.23072159,0.965341169,36.972
139000,83.73015873,95.26169093,0.965129455,37.237
140000,83.63095238,95.23072159,0.959787151,37.505
141000,83.63095238,95.30814494,0.966448189,37.776
142000,83.53174603,95.2771756,0.96183994,38.04
143000,83.63095238,95.33911428,0.949045296,38.305
144000,83.63095238,95.33911428,0.948215892,38.57
145000,83.82936508,95.35459895,0.953848632,38.841
146000,83.82936508,95.38556829,0.958268488,39.112
147000,83.73015873,95.44750697,0.95493259,39.378
148000,83.92857143,95.44750697,0.966588954,39.642
149000,84.32539683,95.50944565,0.96130227,39.911
150000,84.52380952,95.54041499,0.949467405,40.177
151000,84.52380952,95.47847631,0.951553647,40.441
152000,84.42460317,95.46299164,0.952759703,40.705
153000,84.32539683,95.47847631,0.943866354,40.968
154000,84.12698413,95.52493032,0.943406302,41.234
155000,84.22619048,95.41653763,0.934014399,41.506
156000,84.32539683,95.4320223,0.931092736,41.772
157000,84.32539683,95.4320223,0.934609263,42.039
158000,84.42460317,95.46299164,0.937932851,42.305
159000,84.32539683,95.46299164,0.933201713,42.573
160000,84.22619048,95.44750697,0.928380236,42.839
161000,84.32539683,95.41653763,0.933717832,43.105
162000,84.42460317,95.44750697,0.926988398,43.371
163000,84.92063492,95.52493032,0.925673251,43.635
164000,85.11904762,95.63332301,0.920342419,43.9
165000,84.92063492,95.69526169,0.916891637,44.167
166000,85.01984127,95.67977702,0.916748694,44.435
167000,84.62301587,95.586869,0.917813878,44.7
168000,85.01984127,95.63332301,0.911904083,44.962
169000,85.21825397,95.71074636,0.906156333,45.232
170000,85.21825397,95.61783834,0.899049094,45.497
171000,85.51587302,95.72623103,0.889562765,45.765
172000,85.61507937,95.80365438,0.89824442,46.032
173000,85.81349206,95.83462372,0.888466482,46.297
174000,85.71428571,95.80365438,0.883522787,46.564
175000,85.51587302,95.7417157,0.880859857,46.829
176000,85.21825397,95.71074636,0.893364716,47.096
177000,85.41666667,95.75720037,0.891825582,47.362
178000,85.51587302,95.78816971,0.879012628,47.63
179000,85.61507937,95.78816971,0.877213086,47.893
180000,85.41666667,95.77268504,0.881272552,48.159
181000,85.31746032,95.7417157,0.89273303,48.421
182000,85.31746032,95.77268504,0.882888182,48.682
183000,85.31746032,95.7417157,0.889062063,48.946
184000,85.11904762,95.75720037,0.886001131,49.228
185000,85.21825397,95.72623103,0.881001016,49.498
186000,85.41666667,95.7417157,0.879227626,49.78
187000,85.41666667,95.7417157,0.889699575,50.052
188000,85.31746032,95.72623103,0.88132765,50.326
189000,85.21825397,95.72623103,0.869950846,50.621
190000,85.21825397,95.80365438,0.869005152,50.893
191000,85.51587302,95.81913905,0.860129503,51.168
192000,85.61507937,95.81913905,0.8663218,51.455
193000,85.21825397,95.75720037,0.873901221,51.747
194000,85.51587302,95.77268504,0.865271557,52.029
195000,85.61507937,95.77268504,0.859650437,52.309
196000,85.81349206,95.83462372,0.856978842,52.583
197000,85.91269841,95.86559306,0.861189954,52.868
198000,85.71428571,95.86559306,0.852364124,53.146
199000,85.91269841,95.95850108,0.844296366,53.43
200000,85.61507937,95.8965624,0.845126399,53.697
201000,85.71428571,95.95850108,0.834893154,53.964
202000,85.71428571,95.94301641,0.848134224,54.234
203000,85.81349206,95.91204707,0.835603425,54.495
204000,86.01190476,95.94301641,0.83697095,54.758
205000,86.01190476,96.00495509,0.835337935,55.023
206000,86.01190476,95.95850108,0.826420791,55.285
207000,85.91269841,96.00495509,0.823241965,55.547
208000,86.01190476,95.95850108,0.810991114,55.81
209000,86.11111111,96.00495509,0.817580819,56.072
210000,86.40873016,96.02043976,0.803030326,56.34
211000,86.11111111,96.00495509,0.815306764,56.604
212000,86.21031746,96.00495509,0.813750288,56.869
213000,86.70634921,96.11334779,0.801120721,57.135
214000,86.50793651,96.11334779,0.804181367,57.399
215000,86.50793651,96.12883246,0.801725565,57.665
216000,86.50793651,96.1598018,0.797901138,57.933
217000,86.50793651,96.1598018,0.797875755,58.197
218000,86.50793651,96.11334779,0.799146078,58.461
219000,86.60714286,96.11334779,0.796760192,58.727
220000,86.60714286,96.12883246,0.802405557,58.99
221000,86.21031746,96.03592443,0.811737059,59.256
222000,85.91269841,96.00495509,0.815340626,59.522
223000,86.11111111,96.06689378,0.813926219,59.789
224000,85.91269841,96.06689378,0.813119933,60.055
225000,86.01190476,96.02043976,0.812529526,60.327
226000,86.30952381,96.06689378,0.805883323,60.596
227000,86.50793651,96.08237845,0.794748063,60.865
228000,86.80555556,96.1598018,0.793974787,61.133
229000,86.80555556,96.14431713,0.79929264,61.402
230000,86.80555556,96.1598018,0.800026027,61.669
231000,86.9047619,96.19077114,0.794773835,61.94
232000,87.00396825,96.22174048,0.783436085,62.207
233000,87.00396825,96.22174048,0.78270796,62.474
234000,86.80555556,96.19077114,0.784203799,62.74
235000,86.70634921,96.19077114,0.789394853,63.012
236000,86.80555556,96.22174048,0.789095042,63.278
237000,86.70634921,96.23722515,0.790089443,63.549
238000,86.80555556,96.25270982,0.795076162,63.816
239000,86.9047619,96.25270982,0.79016614,64.087
240000,86.9047619,96.28367916,0.783923329,64.354
241000,87.00396825,96.29916383,0.784351018,64.619
242000,86.80555556,96.28367916,0.785697429,64.887
243000,86.9047619,96.28367916,0.788660705,65.154
244000,87.00396825,96.28367916,0.793292637,65.417
245000,87.00396825,96.33013317,0.802203602,65.683
246000,86.80555556,96.28367916,0.794643031,65.949
247000,86.9047619,96.3146485,0.79575005,66.219
248000,87.00396825,96.3146485,0.785006533,66.486
249000,87.00396825,96.33013317,0.787142311,66.749
250000,86.9047619,96.3146485,0.796299294,67.018
251000,87.1031746,96.34561784,0.795279179,67.283
252000,86.9047619,96.28367916,0.793532958,67.55
253000,87.20238095,96.3146485,0.785436379,67.82
254000,87.1031746,96.29916383,0.781105794,68.084
255000,87.20238095,96.33013317,0.777190796,68.347
256000,87.59920635,96.42304119,0.7724272,68.61
257000,87.5,96.39207185,0.775539196,68.88
258000,87.5,96.40755652,0.777100603,69.143
259000,87.59920635,96.40755652,0.772474833,69.408
260000,87.5,96.39207185,0.768689096,69.677
261000,87.6984127,96.43852586,0.758870779,69.945
262000,87.6984127,96.4694952,0.755031972,70.209
263000,87.79761905,96.51594921,0.747324693,70.475
264000,87.6984127,96.48497987,0.751123934,70.745
265000,87.79761905,96.48497987,0.743509811,71.013
266000,88.0952381,96.50046454,0.735061198,71.281
267000,88.0952381,96.51594921,0.735778381,71.544
268000,88.29365079,96.54691855,0.735444035,71.811
269000,88.29365079,96.48497987,0.736635389,72.073
270000,88.19444444,96.48497987,0.735273027,72.343
271000,88.0952381,96.4694952,0.731976347,72.612
272000,88.29365079,96.53143388,0.731622251,72.879
273000,88.49206349,96.56240322,0.731481766,73.15
274000,88.29365079,96.51594921,0.728968229,73.42
275000,88.19444444,96.57788789,0.730381562,73.69
276000,88.29365079,96.56240322,0.722795299,73.955
277000,88.0952381,96.51594921,0.723620865,74.219
278000,88.19444444,96.56240322,0.730859766,74.488
279000,88.19444444,96.56240322,0.729112005,74.756
280000,88.39285714,96.6243419,0.737027931,75.019
281000,87.99603175,96.57788789,0.730193735,75.287
282000,88.19444444,96.63982657,0.730196847,75.557
283000,88.19444444,96.6243419,0.736514836,75.822
284000,88.49206349,96.63982657,0.735979044,76.087
285000,88.39285714,96.63982657,0.733470516,76.354
286000,88.49206349,96.6243419,0.729526339,76.622
287000,88.29365079,96.60885723,0.725256208,76.892
288000,88.39285714,96.6243419,0.720986878,77.161
289000,88.19444444,96.57788789,0.719528658,77.427
290000,88.59126984,96.60885723,0.71869009,77.693
291000,88.29365079,96.57788789,0.72681829,77.966
292000,88.49206349,96.59337256,0.722035408,78.234
293000,88.29365079,96.59337256,0.726214581,78.507
294000,88.29365079,96.65531124,0.731632776,78.776
295000,88.39285714,96.60885723,0.720595698,79.04
296000,88.49206349,96.67079591,0.718955375,79.311
297000,88.19444444,96.63982657,0.719564708,79.577
298000,88.0952381,96.57788789,0.722731077,79.846
299000,88.19444444,96.57788789,0.720563696,80.113
300000,88.19444444,96.60885723,0.719210559,80.383
301000,88.19444444,96.59337256,0.720111483,80.653
302000,88.29365079,96.59337256,0.718013651,80.924
303000,88.19444444,96.59337256,0.719594375,81.195
304000,88.39285714,96.60885723,0.720852419,81.462
305000,88.39285714,96.65531124,0.721276171,81.732
306000,88.59126984,96.70176525,0.714881159,82.002
307000,88.59126984,96.65531124,0.714431695,82.275
308000,88.69047619,96.67079591,0.707600277,82.542
309000,88.59126984,96.65531124,0.706257418,82.813
310000,88.59126984,96.67079591,0.707323681,83.083
311000,88.78968254,96.74821926,0.705207138,83.35
312000,88.59126984,96.71724992,0.709041437,83.621
313000,88.78968254,96.74821926,0.70252954,83.891
314000,88.78968254,96.73273459,0.703660253,84.162
315000,88.88888889,96.70176525,0.699545139,84.43
316000,88.59126984,96.67079591,0.69984817,84.701
317000,88.88888889,96.73273459,0.696598823,84.974
318000,88.59126984,96.67079591,0.694450115,85.243
319000,88.49206349,96.67079591,0.696288731,85.508
320000,88.69047619,96.67079591,0.695155503,85.781
321000,88.78968254,96.71724992,0.700218837,86.055
322000,88.69047619,96.67079591,0.701407167,86.329
323000,88.49206349,96.63982657,0.6908384,86.597
324000,88.49206349,96.70176525,0.693982435,86.866
325000,88.78968254,96.73273459,0.696372683,87.134
326000,88.88888889,96.76370393,0.7048759,87.406
327000,88.69047619,96.71724992,0.700638831,87.677
328000,88.78968254,96.71724992,0.693471383,87.948
329000,88.98809524,96.73273459,0.698092398,88.218
330000,88.69047619,96.71724992,0.700687837,88.487
331000,88.78968254,96.68628058,0.696919341,88.756
332000,88.78968254,96.70176525,0.690649555,89.027
333000,88.98809524,96.76370393,0.687186029,89.3
334000,88.98809524,96.7791886,0.687423349,89.568
335000,89.18650794,96.79467327,0.682872638,89.839
336000,89.08730159,96.76370393,0.681254185,90.104
337000,89.08730159,96.76370393,0.677041904,90.38
338000,89.08730159,96.74821926,0.681365467,90.648
339000,88.78968254,96.73273459,0.671517764,90.915
340000,88.78968254,96.73273459,0.675813726,91.179
341000,89.08730159,96.82564261,0.673604315,91.447
342000,88.98809524,96.7791886,0.66920849,91.716
343000,88.88888889,96.76370393,0.66740233,91.981
344000,89.38492063,96.82564261,0.666237678,92.247
345000,89.38492063,96.82564261,0.663850706,92.515
346000,89.38492063,96.84112728,0.66869995,92.782
347000,89.08730159,96.81015794,0.671138988,93.052
348000,89.18650794,96.81015794,0.66566744,93.321
349000,89.08730159,96.79467327,0.660315285,93.587
350000,89.48412698,96.85661195,0.663482376,93.857
351000,89.38492063,96.84112728,0.659865725,94.132
352000,89.48412698,96.84112728,0.663901022,94.402
353000,89.38492063,96.82564261,0.658318742,94.668
354000,89.38492063,96.84112728,0.663925079,94.938
355000,89.18650794,96.84112728,0.669229308,95.204
356000,89.18650794,96.85661195,0.671195686,95.47
357000,89.08730159,96.85661195,0.672093193,95.737
358000,89.28571429,96.87209662,0.676851505,96.006
359000,89.18650794,96.82564261,0.677575533,96.276
360000,89.18650794,96.87209662,0.676555743,96.543
361000,88.88888889,96.79467327,0.675501551,96.81
362000,89.08730159,96.81015794,0.672125046,97.082
363000,89.38492063,96.85661195,0.669753859,97.351
364000,89.08730159,96.82564261,0.671740442,97.618
365000,89.28571429,96.85661195,0.674188705,97.883
366000,89.48412698,96.91855063,0.672283591,98.152
367000,89.48412698,96.88758129,0.675187782,98.423
368000,89.38492063,96.88758129,0.672351031,98.69
369000,89.58333333,96.90306596,0.665222815,98.958
370000,89.38492063,96.85661195,0.654737452,99.226
371000,89.58333333,96.85661195,0.656933189,99.495
372000,89.58333333,96.88758129,0.654534051,99.764
373000,89.98015873,96.96500465,0.655681247,100.035
374000,89.88095238,96.93403531,0.659192838,100.302
375000,89.98015873,96.96500465,0.652981301,100.579
376000,89.98015873,97.01145866,0.652557149,100.843
377000,90.07936508,97.042428,0.653439036,101.111
378000,89.98015873,97.02694333,0.654351847,101.379
379000,89.98015873,97.05791267,0.653732508,101.647
380000,89.78174603,97.042428,0.662546054,101.916
381000,89.78174603,97.02694333,0.665293019,102.19
382000,89.78174603,97.01145866,0.663207522,102.454
383000,89.58333333,96.96500465,0.663092395,102.723
384000,89.78174603,97.02694333,0.655949904,102.994
385000,89.68253968,97.01145866,0.658600051,103.259
386000,89.58333333,96.98048932,0.654494849,103.525
387000,89.68253968,96.99597399,0.653699836,103.792
388000,89.78174603,97.01145866,0.655173747,104.055
389000,89.48412698,96.94951998,0.656070789,104.322
390000,89.58333333,96.96500465,0.654591916,104.585
391000,89.58333333,96.98048932,0.654314177,104.853
392000,89.68253968,96.99597399,0.645039642,105.12
393000,89.78174603,96.99597399,0.646615347,105.385
394000,89.68253968,96.98048932,0.640952223,105.65
395000,89.88095238,97.042428,0.644684335,105.916
396000,89.68253968,97.02694333,0.651356647,106.187
397000,89.78174603,97.042428,0.656959955,106.456
398000,89.98015873,97.11985135,0.656888624,106.719
399000,89.98015873,97.042428,0.655166419,106.99
400000,89.88095238,97.05791267,0.651277354,107.257
401000,89.88095238,97.07339734,0.652340636,107.52
402000,89.98015873,97.05791267,0.649637382,107.784
403000,89.88095238,97.05791267,0.645878737,108.046
404000,90.17857143,96.99597399,0.6368428,108.311
405000,90.07936508,97.042428,0.639179393,108.575
406000,90.07936508,97.042428,0.646182495,108.844
407000,89.98015873,97.07339734,0.648292068,109.113
408000,89.88095238,97.01145866,0.643508177,109.385
409000,89.98015873,97.042428,0.648768227,109.654
410000,89.98015873,97.042428,0.645196559,109.922
411000,89.98015873,97.05791267,0.641953953,110.188
412000,90.07936508,97.05791267,0.641601948,110.455
413000,90.17857143,97.08888201,0.644120513,110.725
414000,90.17857143,97.08888201,0.647090972,110.989
415000,90.17857143,97.10436668,0.645684145,111.258
416000,90.27777778,97.13533602,0.644556537,111.522
417000,90.27777778,97.11985135,0.645959198,111.791
418000,90.17857143,97.11985135,0.64539018,112.059
419000,90.17857143,97.11985135,0.645116022,112.328
420000,89.98015873,97.05791267,0.649659787,112.594
421000,90.07936508,97.07339734,0.645103354,112.862
422000,90.07936508,97.08888201,0.642384801,113.131
423000,90.17857143,97.11985135,0.647499402,113.406
424000,90.07936508,97.05791267,0.649054103,113.677
425000,90.07936508,97.05791267,0.647123736,113.949
426000,89.98015873,97.042428,0.643384082,114.217
427000,90.37698413,97.10436668,0.638528992,114.483
428000,90.27777778,97.11985135,0.632821513,114.754
429000,90.17857143,97.08888201,0.630324271,115.021
430000,90.17857143,97.11985135,0.633195735,115.294
431000,90.07936508,97.07339734,0.635441666,115.561
432000,89.98015873,97.042428,0.629662544,115.834
433000,89.78174603,97.01145866,0.625134512,116.107
434000,89.88095238,97.02694333,0.622859395,116.374
435000,89.98015873,97.07339734,0.617701623,116.645
436000,89.98015873,97.08888201,0.613958816,116.91
437000,89.98015873,97.08888201,0.619078312,117.174
438000,89.88095238,97.07339734,0.614178058,117.44
439000,89.88095238,97.07339734,0.609847006,117.708
440000,90.07936508,97.10436668,0.618484282,117.974
441000,90.17857143,97.13533602,0.617003489,118.242
442000,90.07936508,97.13533602,0.62020026,118.511
443000,89.98015873,97.11985135,0.622656822,118.778
444000,90.07936508,97.11985135,0.624867016,119.048
445000,90.27777778,97.16630536,0.622878127,119.309
446000,90.17857143,97.11985135,0.623586515,119.572
447000,90.07936508,97.08888201,0.620777653,119.833
448000,89.98015873,97.11985135,0.626754577,120.099
449000,89.98015873,97.10436668,0.627414349,120.363
450000,90.07936508,97.11985135,0.633137807,120.629
451000,89.98015873,97.10436668,0.630459123,120.9
452000,90.07936508,97.11985135,0.622556023,121.168
453000,90.07936508,97.11985135,0.624432908,121.43
454000,90.27777778,97.1972747,0.613193159,121.692
455000,90.07936508,97.15082069,0.612017664,121.959
456000,90.17857143,97.18179003,0.609509666,122.228
457000,90.57539683,97.24372871,0.605178004,122.501
458000,90.47619048,97.24372871,0.610480157,122.762
459000,90.37698413,97.22824404,0.611538709,123.026
460000,90.47619048,97.24372871,0.607636293,123.297
461000,90.37698413,97.18179003,0.605180391,123.564
462000,90.37698413,97.21275937,0.609285385,123.832
463000,90.27777778,97.1972747,0.615137298,124.099
464000,90.37698413,97.22824404,0.618199047,124.367
465000,90.37698413,97.24372871,0.611831928,124.639
466000,90.27777778,97.22824404,0.610811357,124.907
467000,90.27777778,97.21275937,0.611717593,125.175
468000,90.27777778,97.21275937,0.611999917,125.442
469000,90.27777778,97.22824404,0.601167992,125.711
470000,90.27777778,97.24372871,0.602736602,125.979
471000,90.37698413,97.25921338,0.602176389,126.253
472000,90.37698413,97.25921338,0.608035852,126.523
473000,90.27777778,97.24372871,0.604514193,126.795
474000,90.27777778,97.22824404,0.603772041,127.067
475000,90.27777778,97.25921338,0.607710578,127.332
476000,90.27777778,97.22824404,0.604773218,127.599
477000,90.27777778,97.22824404,0.605027086,127.87
478000,90.67460317,97.30566739,0.602635154,128.137
479000,90.67460317,97.29018272,0.595607705,128.409
480000,90.57539683,97.27469805,0.593243759,128.677
481000,90.67460317,97.29018272,0.589473496,128.941
482000,90.47619048,97.25921338,0.591535203,129.207
483000,90.67460317,97.27469805,0.591711358,129.477
484000,90.47619048,97.21275937,0.588217806,129.744
485000,90.57539683,97.22824404,0.588511511,130.013
486000,90.67460317,97.24372871,0.589098232,130.282
487000,90.57539683,97.24372871,0.59378219,130.552
488000,90.67460317,97.22824404,0.592649615,130.819
489000,90.67460317,97.24372871,0.589859807,131.088
490000,90.67460317,97.25921338,0.595733371,131.355
491000,90.67460317,97.25921338,0.59641009,131.622
492000,90.67460317,97.27469805,0.602160669,131.887
493000,90.67460317,97.27469805,0.603525357,132.156
494000,90.67460317,97.27469805,0.603586034,132.425
495000,90.67460317,97.29018272,0.601961784,132.693
496000,90.67460317,97.32115206,0.603854291,132.96
497000,90.67460317,97.29018272,0.604137908,133.229
498000,90.67460317,97.27469805,0.607234259,133.5
499000,90.67460317,97.27469805,0.606641273,133.769
500000,90.77380952,97.29018272,0.60558292,134.037
501000,90.57539683,97.30566739,0.598747721,134.311
502000,90.67460317,97.27469805,0.601184743,134.579
503000,90.37698413,97.24372871,0.599320385,134.848
504000,90.67460317,97.30566739,0.595256955,135.121
505000,90.77380952,97.30566739,0.591818409,135.385
506000,90.67460317,97.27469805,0.594458768,135.653
507000,90.77380952,97.33663673,0.590843754,135.923
508000,90.77380952,97.29018272,0.586659981,136.191
509000,90.77380952,97.29018272,0.583849393,136.456
510000,90.87301587,97.33663673,0.58152543,136.724
511000,90.87301587,97.30566739,0.583030382,136.993
512000,90.87301587,97.30566739,0.58671367,137.263
513000,90.67460317,97.29018272,0.59154588,137.534
514000,90.77380952,97.33663673,0.593734805,137.802
515000,90.77380952,97.36760607,0.598336164,138.073
516000,90.87301587,97.39857541,0.601464443,138.341
517000,90.97222222,97.38309074,0.595596334,138.607
518000,90.87301587,97.36760607,0.594147438,138.879
519000,90.97222222,97.39857541,0.596436091,139.144
520000,90.87301587,97.39857541,0.592755238,139.411
521000,90.87301587,97.36760607,0.587983443,139.682
522000,90.87301587,97.36760607,0.591635427,139.95
523000,90.87301587,97.39857541,0.596010502,140.215
524000,90.87301587,97.38309074,0.595218182,140.479
525000,90.87301587,97.39857541,0.596323229,140.748
526000,90.87301587,97.42954475,0.594482337,141.015
527000,90.87301587,97.38309074,0.585528674,141.288
528000,90.87301587,97.39857541,0.580894506,141.561
529000,90.77380952,97.38309074,0.584532247,141.828
530000,90.77380952,97.38309074,0.587900601,142.098
531000,90.97222222,97.38309074,0.58265935,142.366
532000,91.07142857,97.41406008,0.581055975,142.635
533000,91.17063492,97.41406008,0.577379894,142.905
534000,90.97222222,97.38309074,0.580025444,143.171
535000,90.87301587,97.36760607,0.582455103,143.441
536000,90.97222222,97.38309074,0.576510473,143.708
537000,90.87301587,97.36760607,0.574383385,143.971
538000,90.87301587,97.36760607,0.574219914,144.233
539000,90.97222222,97.38309074,0.571504533,144.496
540000,91.07142857,97.39857541,0.57031115,144.76
541000,91.07142857,97.39857541,0.572705211,145.028
542000,90.77380952,97.39857541,0.570472219,145.296
543000,91.07142857,97.41406008,0.571161189,145.562
544000,90.97222222,97.39857541,0.568804582,145.825
545000,90.97222222,97.41406008,0.570203709,146.089
546000,90.97222222,97.41406008,0.571391578,146.355
547000,90.97222222,97.41406008,0.57213144,146.625
548000,91.07142857,97.41406008,0.571338215,146.894
549000,91.07142857,97.41406008,0.573090843,147.16
550000,91.17063492,97.42954475,0.568911226,147.423
551000,91.07142857,97.42954475,0.57402194,147.688
552000,91.17063492,97.44502942,0.577293678,147.959
553000,91.36904762,97.46051409,0.581025996,148.227
554000,91.17063492,97.46051409,0.586019602,148.502
555000,91.07142857,97.44502942,0.583447271,148.768
556000,91.07142857,97.46051409,0.588443176,149.035
557000,90.87301587,97.44502942,0.579129616,149.301
558000,91.07142857,97.47599876,0.578489187,149.571
559000,90.87301587,97.42954475,0.574191996,149.843
560000,90.87301587,97.46051409,0.578418156,150.111
561000,90.87301587,97.42954475,0.580651913,150.38
562000,90.97222222,97.46051409,0.577039739,150.649
563000,91.07142857,97.42954475,0.577629555,150.922
564000,91.07142857,97.44502942,0.57234637,151.195
565000,90.97222222,97.46051409,0.575833133,151.467
566000,91.07142857,97.46051409,0.571035155,151.736
567000,91.07142857,97.47599876,0.572259639,152.003
568000,91.07142857,97.42954475,0.570045622,152.271
569000,91.17063492,97.47599876,0.565860927,152.535
570000,91.17063492,97.46051409,0.563537485,152.807
571000,91.17063492,97.46051409,0.564274205,153.073
572000,91.07142857,97.42954475,0.563413937,153.342
573000,91.17063492,97.44502942,0.561833094,153.609
574000,91.17063492,97.44502942,0.55700865,153.879
575000,91.17063492,97.46051409,0.555512944,154.146
576000,91.26984127,97.47599876,0.551758604,154.413
577000,91.36904762,97.49148343,0.555079022,154.676
578000,91.36904762,97.5069681,0.551061363,154.945
579000,91.36904762,97.5069681,0.552916198,155.212
580000,91.36904762,97.49148343,0.553798995,155.484
581000,91.17063492,97.46051409,0.551948979,155.756
582000,91.36904762,97.49148343,0.552941815,156.026
583000,91.26984127,97.47599876,0.556660945,156.291
584000,91.26984127,97.47599876,0.560220913,156.561
585000,91.36904762,97.49148343,0.561713716,156.832
586000,91.36904762,97.49148343,0.559837962,157.1
587000,91.36904762,97.49148343,0.561036801,157.37
588000,91.36904762,97.5069681,0.558610854,157.639
589000,91.36904762,97.49148343,0.554373456,157.907
590000,91.07142857,97.44502942,0.555965102,158.176
591000,91.07142857,97.46051409,0.556876583,158.446
592000,91.17063492,97.47599876,0.55428193,158.714
593000,91.17063492,97.47599876,0.559525781,158.986
594000,91.17063492,97.49148343,0.556323596,159.253
595000,91.17063492,97.49148343,0.553880669,159.523
596000,91.17063492,97.47599876,0.551799543,159.793
597000,91.17063492,97.49148343,0.550870875,160.067
598000,91.17063492,97.49148343,0.556207719,160.335
599000,91.17063492,97.5069681,0.552884405,160.606
600000,91.26984127,97.52245277,0.551917784,160.874
601000,91.36904762,97.53793744,0.55670302,161.142
602000,91.36904762,97.53793744,0.554891655,161.411
603000,91.36904762,97.53793744,0.556497564,161.679
604000,91.26984127,97.52245277,0.550519259,161.95
605000,91.36904762,97.53793744,0.547966218,162.219
606000,91.46825397,97.53793744,0.540857982,162.488
607000,91.36904762,97.52245277,0.5421974,162.756
608000,91.46825397,97.53793744,0.543967449,163.025
609000,91.36904762,97.53793744,0.548442188,163.294
610000,91.36904762,97.52245277,0.545479529,163.563
611000,91.36904762,97.52245277,0.544707813,163.83
612000,91.46825397,97.52245277,0.537001917,164.102
613000,91.46825397,97.52245277,0.538130745,164.371
614000,91.36904762,97.5069681,0.539563957,164.641
615000,91.46825397,97.52245277,0.540276072,164.911
616000,91.46825397,97.5069681,0.543043304,165.176
617000,91.46825397,97.52245277,0.539228765,165.449
618000,91.46825397,97.52245277,0.53908688,165.717
619000,91.46825397,97.52245277,0.540103983,165.984
620000,91.46825397,97.53793744,0.538299889,166.252
621000,91.36904762,97.5069681,0.535383001,166.518
622000,91.46825397,97.52245277,0.534311234,166.789
623000,91.56746032,97.56890678,0.538288956,167.057
624000,91.36904762,97.52245277,0.532437671,167.322
625000,91.36904762,97.55342211,0.535483454,167.593
626000,91.36904762,97.56890678,0.537828751,167.862
627000,91.26984127,97.56890678,0.539255608,168.13
628000,91.26984127,97.52245277,0.539656277,168.398
629000,91.26984127,97.52245277,0.539591855,168.673
630000,91.36904762,97.55342211,0.543928043,168.941
631000,91.36904762,97.55342211,0.546867501,169.209
632000,91.46825397,97.55342211,0.538919088,169.477
633000,91.46825397,97.55342211,0.53643257,169.746
634000,91.46825397,97.56890678,0.537358522,170.021
635000,91.46825397,97.55342211,0.539700854,170.288
636000,91.46825397,97.55342211,0.5466741,170.561
637000,91.36904762,97.58439145,0.548636758,170.828
638000,91.66666667,97.61536079,0.537349521,171.099
639000,91.46825397,97.61536079,0.538366731,171.367
640000,91.46825397,97.56890678,0.535715477,171.633
641000,91.56746032,97.58439145,0.53947635,171.9
642000,91.66666667,97.59987612,0.540816945,172.169
643000,91.66666667,97.61536079,0.538177048,172.436
644000,91.86507937,97.63084546,0.533794274,172.705
645000,91.86507937,97.61536079,0.530750753,172.982
646000,91.86507937,97.58439145,0.533686862,173.251
647000,91.96428571,97.61536079,0.53445568,173.517
648000,91.86507937,97.61536079,0.537550842,173.784
649000,91.86507937,97.59987612,0.540696035,174.052
650000,91.86507937,97.64633013,0.54305423,174.317
651000,91.96428571,97.67729947,0.548152606,174.583
652000,91.76587302,97.64633013,0.54816666,174.854
653000,91.56746032,97.59987612,0.548191938,175.123
654000,91.66666667,97.59987612,0.546833711,175.388
655000,91.66666667,97.58439145,0.541988849,175.663
656000,91.66666667,97.56890678,0.549171817,175.931
657000,91.76587302,97.58439145,0.553181906,176.196
658000,91.76587302,97.58439145,0.546779086,176.464
659000,91.76587302,97.61536079,0.540375683,176.733
660000,91.76587302,97.63084546,0.539094737,176.998
661000,91.86507937,97.64633013,0.536900393,177.266
662000,91.76587302,97.63084546,0.541555203,177.534
663000,91.96428571,97.6618148,0.540778843,177.803
664000,91.86507937,97.64633013,0.538460408,178.071
665000,91.76587302,97.61536079,0.543638585,178.343
666000,91.86507937,97.63084546,0.545887058,178.611
667000,91.86507937,97.63084546,0.542858163,178.88
668000,91.86507937,97.63084546,0.543085531,179.146
669000,91.86507937,97.64633013,0.540379498,179.418
670000,91.76587302,97.61536079,0.537797972,179.688
671000,91.76587302,97.61536079,0.542013716,179.957
672000,91.86507937,97.64633013,0.540123027,180.224
673000,91.76587302,97.59987612,0.534417394,180.492
674000,91.86507937,97.61536079,0.535603916,180.761
675000,91.76587302,97.59987612,0.535669506,181.033
676000,91.76587302,97.61536079,0.537798141,181.301
677000,91.86507937,97.63084546,0.5390527,181.569
678000,91.76587302,97.63084546,0.538666903,181.841
679000,91.86507937,97.63084546,0.532096059,182.112
680000,92.06349206,97.6618148,0.52778563,182.383
681000,92.16269841,97.67729947,0.530325323,182.65
682000,92.16269841,97.6618148,0.533813337,182.917
683000,92.16269841,97.6618148,0.533291567,183.18
684000,92.16269841,97.6618148,0.535411183,183.451
685000,91.96428571,97.64633013,0.532604431,183.721
686000,91.96428571,97.6618148,0.534756397,183.991
687000,91.96428571,97.64633013,0.526594508,184.258
688000,92.06349206,97.6618148,0.522198853,184.525
689000,92.06349206,97.6618148,0.523254415,184.798
690000,91.86507937,97.61536079,0.518506098,185.065
691000,91.96428571,97.6618148,0.515191769,185.337
692000,91.86507937,97.64633013,0.512978431,185.603
693000,92.26190476,97.67729947,0.512916446,185.874
694000,91.96428571,97.63084546,0.514411852,186.142
695000,92.26190476,97.6618148,0.514616367,186.409
696000,92.26190476,97.6618148,0.515115459,186.678
697000,92.16269841,97.64633013,0.51410274,186.947
698000,92.26190476,97.6618148,0.513813504,187.217
699000,92.16269841,97.64633013,0.51493504,187.483
700000,92.16269841,97.6618148,0.521171909,187.747
701000,92.16269841,97.6618148,0.520517521,188.024
702000,91.96428571,97.63084546,0.516774695,188.288
703000,92.16269841,97.6618148,0.517127802,188.553
704000,92.06349206,97.63084546,0.518339188,188.817
705000,92.26190476,97.6618148,0.521490203,189.083
706000,92.26190476,97.6618148,0.518800166,189.348
707000,92.06349206,97.63084546,0.520719945,189.614
708000,92.16269841,97.69278414,0.519970778,189.881
709000,92.16269841,97.67729947,0.521487932,190.147
710000,92.16269841,97.6618148,0.517584336,190.409
711000,92.26190476,97.6618148,0.514388873,190.672
712000,92.26190476,97.67729947,0.510982577,190.939
713000,92.26190476,97.70826881,0.512336856,191.21
714000,92.06349206,97.64633013,0.515548536,191.478
715000,92.16269841,97.67729947,0.516767722,191.749
716000,92.16269841,97.67729947,0.518878314,192.02
717000,92.26190476,97.69278414,0.519306462,192.285
718000,92.16269841,97.6618148,0.518484841,192.549
719000,92.06349206,97.6618148,0.513843635,192.811
720000,92.06349206,97.67729947,0.51125677,193.082
721000,92.26190476,97.70826881,0.508458316,193.349
722000,92.16269841,97.67729947,0.506234343,193.613
723000,92.06349206,97.69278414,0.509343832,193.879
724000,92.26190476,97.69278414,0.506964938,194.141
725000,92.26190476,97.70826881,0.502713322,194.407
726000,91.96428571,97.69278414,0.506745887,194.669
727000,91.96428571,97.72375348,0.509946322,194.936
728000,91.86507937,97.70826881,0.514146797,195.199
729000,92.06349206,97.72375348,0.513679318,195.463
730000,91.86507937,97.6618148,0.514586855,195.726
731000,91.86507937,97.6618148,0.516861954,195.991
732000,91.86507937,97.6618148,0.518498926,196.254
733000,91.96428571,97.67729947,0.518274232,196.519
734000,91.96428571,97.67729947,0.513600302,196.79
735000,92.06349206,97.69278414,0.515785358,197.057
736000,92.06349206,97.69278414,0.515108079,197.326
737000,92.06349206,97.69278414,0.510836505,197.588
738000,92.06349206,97.67729947,0.512254592,197.854
739000,92.16269841,97.69278414,0.512242938,198.125
740000,92.16269841,97.69278414,0.512097465,198.392
741000,92.16269841,97.69278414,0.514606002,198.658
742000,92.06349206,97.69278414,0.51836011,198.925
743000,92.06349206,97.69278414,0.518433038,199.196
744000,92.16269841,97.70826881,0.514794588,199.465
745000,92.16269841,97.69278414,0.513857469,199.732
746000,92.16269841,97.70826881,0.515546422,199.996
747000,92.16269841,97.69278414,0.512691431,200.262
748000,92.26190476,97.72375348,0.513769486,200.527
749000,92.16269841,97.70826881,0.508125633,200.792
750000,92.16269841,97.72375348,0.505532293,201.055
751000,92.26190476,97.75472282,0.507850622,201.322
752000,92.26190476,97.75472282,0.506490961,201.591
753000,92.16269841,97.75472282,0.509818037,201.856
754000,92.16269841,97.77020749,0.506823725,202.118
755000,92.16269841,97.73923815,0.509986972,202.383
756000,92.16269841,97.70826881,0.514555994,202.653
757000,92.16269841,97.70826881,0.516985515,202.922
758000,92.06349206,97.67729947,0.515146838,203.189
759000,92.16269841,97.73923815,0.516726625,203.457
760000,92.36111111,97.75472282,0.513620037,203.72
761000,92.36111111,97.77020749,0.514854397,203.989
762000,92.36111111,97.72375348,0.51116614,204.258
763000,92.26190476,97.72375348,0.509635253,204.521
764000,92.26190476,97.70826881,0.506533567,204.791
765000,92.26190476,97.70826881,0.504793709,205.06
766000,92.26190476,97.69278414,0.502017551,205.322
767000,92.26190476,97.69278414,0.500543501,205.593
768000,92.36111111,97.70826881,0.499483427,205.855
769000,92.26190476,97.69278414,0.496775841,206.12
770000,92.16269841,97.69278414,0.496236682,206.385
771000,92.26190476,97.69278414,0.50433436,206.656
772000,92.36111111,97.70826881,0.497171963,206.924
773000,92.36111111,97.70826881,0.497314877,207.193
774000,92.36111111,97.70826881,0.496571989,207.463
775000,92.36111111,97.72375348,0.497611977,207.728
776000,92.26190476,97.70826881,0.5001083,208.001
777000,92.36111111,97.72375348,0.501275961,208.267
778000,92.36111111,97.73923815,0.500532431,208.537
779000,92.26190476,97.72375348,0.496705887,208.804
780000,92.26190476,97.77020749,0.495215674,209.071
781000,92.16269841,97.77020749,0.499353246,209.334
782000,92.26190476,97.77020749,0.492928497,209.598
783000,92.36111111,97.78569216,0.491812563,209.865
784000,92.46031746,97.78569216,0.492807095,210.132
785000,92.46031746,97.78569216,0.496621511,210.404
786000,92.55952381,97.80117683,0.495857388,210.669
787000,92.46031746,97.78569216,0.494905419,210.935
788000,92.55952381,97.81666151,0.497858755,211.201
789000,92.46031746,97.83214618,0.499974151,211.47
790000,92.55952381,97.81666151,0.501080287,211.736
791000,92.55952381,97.81666151,0.504712781,212.01
792000,92.46031746,97.80117683,0.507245524,212.277
793000,92.46031746,97.81666151,0.5101033,212.544
794000,92.55952381,97.81666151,0.506784642,212.814
795000,92.46031746,97.80117683,0.505071984,213.088
796000,92.55952381,97.83214618,0.503269037,213.357
797000,92.55952381,97.84763085,0.504146345,213.627
798000,92.36111111,97.81666151,0.501458555,213.898
799000,92.55952381,97.83214618,0.503995601,214.164
800000,92.46031746,97.80117683,0.500844943,214.434
801000,92.46031746,97.81666151,0.501017661,214.703
802000,92.36111111,97.80117683,0.501119413,214.969
803000,92.55952381,97.83214618,0.501115363,215.238
804000,92.55952381,97.83214618,0.501528485,215.506
805000,92.55952381,97.83214618,0.500973396,215.774
806000,92.65873016,97.84763085,0.501606584,216.045
807000,92.65873016,97.83214618,0.50250742,216.312
808000,92.65873016,97.83214618,0.507264086,216.584
809000,92.65873016,97.86311552,0.507230355,216.859
810000,92.65873016,97.86311552,0.503486704,217.14
811000,92.65873016,97.86311552,0.50545249,217.418
812000,92.65873016,97.86311552,0.502650353,217.691
813000,92.36111111,97.81666151,0.503365762,217.959
814000,92.46031746,97.84763085,0.502225376,218.227
815000,92.55952381,97.86311552,0.502234034,218.491
816000,92.55952381,97.86311552,0.50218601,218.755
817000,92.65873016,97.87860019,0.501473643,219.019
818000,92.65873016,97.86311552,0.504848693,219.283
819000,92.65873016,97.87860019,0.501320436,219.546
820000,92.65873016,97.86311552,0.504484007,219.828
821000,92.65873016,97.84763085,0.502258267,220.108
822000,92.65873016,97.81666151,0.501990144,220.379
823000,92.55952381,97.81666151,0.502969546,220.643
824000,92.65873016,97.87860019,0.498415559,220.908
825000,92.46031746,97.84763085,0.501799931,221.177
826000,92.55952381,97.89408486,0.497474386,221.444
827000,92.55952381,97.86311552,0.498721074,221.723
828000,92.46031746,97.84763085,0.50073449,221.989
829000,92.55952381,97.86311552,0.501906248,222.271
830000,92.46031746,97.86311552,0.503637728,222.547
831000,92.75793651,97.87860019,0.500770258,222.809
832000,92.75793651,97.90956953,0.497780824,223.073
833000,92.65873016,97.87860019,0.489665696,223.337
834000,92.65873016,97.86311552,0.488913921,223.599
835000,92.75793651,97.87860019,0.484266494,223.872
836000,92.85714286,97.90956953,0.481456625,224.146
837000,92.85714286,97.89408486,0.479829972,224.409
838000,92.75793651,97.86311552,0.477215511,224.671
839000,92.75793651,97.87860019,0.473540939,224.934
840000,92.65873016,97.84763085,0.477884358,225.197
841000,92.75793651,97.89408486,0.481363986,225.46
842000,92.65873016,97.86311552,0.486385064,225.722
843000,92.75793651,97.89408486,0.485839951,225.985
844000,92.65873016,97.87860019,0.483889598,226.247
845000,92.65873016,97.87860019,0.483073435,226.513
846000,92.65873016,97.87860019,0.481648991,226.783
847000,92.65873016,97.89408486,0.481464823,227.046
848000,92.65873016,97.90956953,0.485265557,227.308
849000,92.65873016,97.89408486,0.487990719,227.574
850000,92.75793651,97.90956953,0.49108741,227.838
851000,92.65873016,97.89408486,0.48600844,228.103
852000,92.65873016,97.89408486,0.485385212,228.366
853000,92.65873016,97.9250542,0.485199838,228.628
854000,92.75793651,97.94053887,0.490931661,228.891
855000,92.75793651,97.94053887,0.488704136,229.155
856000,92.65873016,97.9250542,0.487935808,229.419
857000,92.85714286,97.94053887,0.48578513,229.681
858000,92.65873016,97.89408486,0.482421623,229.945
859000,92.75793651,97.9250542,0.486635587,230.217
860000,92.55952381,97.89408486,0.486007695,230.485
861000,92.55952381,97.89408486,0.489591135,230.75
862000,92.55952381,97.89408486,0.487025509,231.012
863000,92.85714286,97.95602354,0.489578338,231.274
864000,92.85714286,97.94053887,0.487986026,231.538
865000,92.85714286,97.94053887,0.488743083,231.801
866000,92.85714286,97.9250542,0.485649522,232.069
867000,92.75793651,97.90956953,0.487428748,232.334
868000,92.85714286,97.90956953,0.485743161,232.597
869000,92.75793651,97.87860019,0.486658627,232.86
870000,92.85714286,97.90956953,0.488388307,233.124
871000,92.85714286,97.9250542,0.486010823,233.389
872000,92.85714286,97.9250542,0.484049626,233.653
873000,92.85714286,97.89408486,0.48428308,233.917
874000,92.75793651,97.90956953,0.484857432,234.181
875000,92.85714286,97.94053887,0.481789403,234.446
876000,92.85714286,97.94053887,0.481732369,234.709
877000,92.65873016,97.89408486,0.485999177,234.972
878000,92.85714286,97.9250542,0.48827898,235.235
879000,92.75793651,97.9250542,0.490038287,235.512
880000,92.65873016,97.90956953,0.48926079,235.779
881000,92.55952381,97.90956953,0.488391633,236.04
882000,92.75793651,97.9250542,0.483633198,236.307
883000,92.75793651,97.90956953,0.479245875,236.571
884000,92.75793651,97.90956953,0.476821145,236.837
885000,92.75793651,97.9250542,0.475251563,237.102
886000,92.85714286,97.97150821,0.480644649,237.366
887000,92.75793651,97.90956953,0.475101558,237.628
888000,92.75793651,97.90956953,0.475251443,237.891
889000,92.75793651,97.89408486,0.474982818,238.156
890000,92.75793651,97.90956953,0.476461938,238.42
891000,92.65873016,97.89408486,0.479078589,238.683
892000,92.65873016,97.87860019,0.473753549,238.948
893000,92.65873016,97.87860019,0.476094909,239.212
894000,92.65873016,97.87860019,0.474088356,239.479
895000,92.75793651,97.89408486,0.476553503,239.742
896000,92.65873016,97.90956953,0.479537828,240.005
897000,92.65873016,97.90956953,0.478314485,240.268
898000,92.46031746,97.86311552,0.477261302,240.531
899000,92.55952381,97.84763085,0.474966387,240.794
900000,92.65873016,97.89408486,0.472103517,241.058
901000,92.46031746,97.86311552,0.473021721,241.323
902000,92.65873016,97.89408486,0.473884914,241.589
903000,92.65873016,97.89408486,0.4713161,241.852
904000,92.65873016,97.9250542,0.47539341,242.117
905000,92.75793651,97.9250542,0.471801158,242.38
906000,92.75793651,97.90956953,0.47119377,242.644
907000,92.75793651,97.9250542,0.471224664,242.907
908000,92.75793651,97.90956953,0.473164684,243.171
909000,92.85714286,97.9250542,0.465999769,243.435
910000,92.95634921,97.95602354,0.465353433,243.698
911000,92.75793651,97.94053887,0.466755671,243.961
912000,92.75793651,97.90956953,0.467006327,244.224
913000,92.75793651,97.9250542,0.471488958,244.488
914000,92.75793651,97.9250542,0.471073602,244.753
915000,92.75793651,97.94053887,0.469576768,245.016
916000,92.75793651,97.9250542,0.469564131,245.279
917000,92.85714286,97.95602354,0.472811815,245.542
918000,92.85714286,97.95602354,0.471709169,245.808
919000,92.55952381,97.90956953,0.474036521,246.071
920000,92.75793651,97.9250542,0.473302741,246.336
921000,92.75793651,97.94053887,0.475324135,246.599
922000,92.65873016,97.9250542,0.478114837,246.864
923000,92.65873016,97.9250542,0.478943627,247.126
924000,92.75793651,97.9250542,0.474257611,247.391
925000,92.75793651,97.9250542,0.474786864,247.654
926000,92.65873016,97.90956953,0.475562655,247.918
927000,92.65873016,97.90956953,0.476428085,248.183
928000,92.65873016,97.90956953,0.473781617,248.45
929000,92.65873016,97.90956953,0.471816714,248.715
930000,92.65873016,97.9250542,0.472627534,248.979
931000,92.65873016,97.9250542,0.472678759,249.243
932000,92.55952381,97.89408486,0.472657113,249.505
933000,92.55952381,97.87860019,0.475073216,249.769
934000,92.55952381,97.89408486,0.475728014,250.033
935000,92.65873016,97.90956953,0.478605744,250.301
936000,92.75793651,97.9250542,0.480725158,250.567
937000,92.75793651,97.9250542,0.481634541,250.831
938000,92.75793651,97.9250542,0.477941927,251.095
939000,92.75793651,97.9250542,0.480037852,251.361
940000,92.95634921,97.95602354,0.4752979,251.626
941000,92.95634921,97.95602354,0.474601969,251.892
